,word,language
0,abolish,en
1,academic,en
2,academy,en
3,acceleration,en
4,accent,en
5,accolade,en
6,accounting,en
7,accumulation,en
8,accurately,en
9,accusation,en
10,accustomed,en
11,achievement,en
12,acid,en
13,acidity,en
14,acquisition,en
15,active,en
16,activist,en
17,adjust,en
18,adolescence,en
19,adopted,en
20,advertise,en
21,advice,en
22,aesthetics,en
23,affectionate,en
24,afternoon,en
25,agitation,en
26,agreed,en
27,aisle,en
28,album,en
29,alligator,en
30,alone,en
31,altercation,en
32,aluminium,en
33,ambassadorship,en
34,amber,en
35,analysis,en
36,anchor,en
37,anecdote,en
38,anger,en
39,anguish,en
40,announcement,en
41,announcer,en
42,antibiotic,en
43,antidote,en
44,antipathy,en
45,antiquity,en
46,antler,en
47,anxiety,en
48,apocalypse,en
49,apostle,en
50,appendage,en
51,applied,en
52,appropriate,en
53,aquarium,en
54,arbour,en
55,archer,en
56,archipelago,en
57,archive,en
58,aristocracy,en
59,arm,en
60,armadillo,en
61,armchair,en
62,arrival,en
63,arsenal,en
64,art,en
65,artificial,en
66,asphalt,en
67,assertion,en
68,assist,en
69,assistance,en
70,assistant,en
71,assumed,en
72,assumption,en
73,asthmatic,en
74,astonishment,en
75,attack,en
76,attire,en
77,attraction,en
78,attrition,en
79,audacious,en
80,aunt,en
81,auspicious,en
82,authorization,en
83,autobiographical,en
84,autumn,en
85,auxiliary,en
86,avenue,en
87,aviator,en
88,avocado,en
89,bamboo,en
90,banana,en
91,banishment,en
92,banker,en
93,bankroll,en
94,bannister,en
95,barbeque,en
96,barber,en
97,barge,en
98,bark,en
99,barnyard,en
100,baroque,en
101,barracuda,en
102,basilica,en
103,basis,en
104,bath,en
105,bathtub,en
106,baton,en
107,battalion,en
108,battleship,en
109,beak,en
110,bear,en
111,bearded,en
112,bed,en
113,bedchamber,en
114,bedding,en
115,beer,en
116,beetle,en
117,beige,en
118,bell,en
119,bellow,en
120,belt,en
121,better,en
122,between,en
123,bigness,en
124,bikini,en
125,binding,en
126,bingo,en
127,biologist,en
128,biplane,en
129,blackbird,en
130,blackmailer,en
131,blade,en
132,blending,en
133,blessing,en
134,blinking,en
135,blister,en
136,blonde,en
137,blood,en
138,blurb,en
139,board,en
140,body,en
141,boil,en
142,boldly,en
143,boldness,en
144,bombing,en
145,bondage,en
146,boom,en
147,boot,en
148,botanist,en
149,botch,en
150,bottle,en
151,boulder,en
152,bounty,en
153,bouquet,en
154,bow,en
155,bracelet,en
156,bragger,en
157,breach,en
158,brick,en
159,bride,en
160,bristle,en
161,broom,en
162,broth,en
163,budge,en
164,budget,en
165,bunk,en
166,burr,en
167,business,en
168,buttock,en
169,buying,en
170,cabin,en
171,cactus,en
172,cad,en
173,cage,en
174,calamity,en
175,calcium,en
176,calculation,en
177,calling,en
178,canary,en
179,canoe,en
180,canvas,en
181,canyon,en
182,cape,en
183,capitalism,en
184,car,en
185,cardboard,en
186,cargo,en
187,caricature,en
188,carnival,en
189,carp,en
190,carver,en
191,carving,en
192,casing,en
193,casserole,en
194,catalogue,en
195,catch,en
196,category,en
197,cathedral,en
198,cavern,en
199,cellophane,en
200,censorship,en
201,census,en
202,center,en
203,centering,en
204,chaff,en
205,chairperson,en
206,channel,en
207,charity,en
208,charm,en
209,chaser,en
210,chattering,en
211,cheapness,en
212,chief,en
213,chiropractor,en
214,chock,en
215,chocolate,en
216,choral,en
217,chore,en
218,christening,en
219,chronicle,en
220,chronological,en
221,chunk,en
222,cigarette,en
223,circle,en
224,circulation,en
225,circus,en
226,citrus,en
227,clam,en
228,clap,en
229,clarification,en
230,classroom,en
231,cleansing,en
232,cleave,en
233,clergyman,en
234,client,en
235,clipboard,en
236,clock,en
237,closet,en
238,clump,en
239,coalition,en
240,coat,en
241,cobra,en
242,cod,en
243,coffee,en
244,coffer,en
245,coherence,en
246,coincidence,en
247,coke,en
248,coldness,en
249,collector,en
250,college,en
251,collision,en
252,colony,en
253,column,en
254,comeback,en
255,comfort,en
256,comma,en
257,commentary,en
258,commitment,en
259,communism,en
260,compel,en
261,compendium,en
262,complaint,en
263,composite,en
264,comprise,en
265,computer,en
266,conceal,en
267,concealment,en
268,conclusion,en
269,condensation,en
270,conditioning,en
271,conference,en
272,conformation,en
273,confrontation,en
274,confusion,en
275,congress,en
276,conjecture,en
277,conquest,en
278,conscience,en
279,conservation,en
280,conservatory,en
281,constancy,en
282,constant,en
283,constitution,en
284,consulate,en
285,contact,en
286,contamination,en
287,contemporary,en
288,continent,en
289,continuity,en
290,contraceptive,en
291,contradict,en
292,controversial,en
293,convent,en
294,convergence,en
295,convoy,en
296,cool,en
297,corpse,en
298,corrective,en
299,correlate,en
300,corroborate,en
301,corroboration,en
302,corset,en
303,cost,en
304,cot,en
305,counselor,en
306,counterbalance,en
307,counterrevolutionary,en
308,country,en
309,courage,en
310,course,en
311,cow,en
312,crank,en
313,craving,en
314,crease,en
315,creek,en
316,crick,en
317,cricket,en
318,criticism,en
319,crocodile,en
320,crucifix,en
321,culpability,en
322,culture,en
323,curl,en
324,customize,en
325,cymbal,en
326,dad,en
327,daisy,en
328,damage,en
329,dame,en
330,dampness,en
331,danger,en
332,dartboard,en
333,deal,en
334,debt,en
335,decibel,en
336,decoration,en
337,decree,en
338,defamation,en
339,defame,en
340,defector,en
341,defence,en
342,defile,en
343,deft,en
344,demonstration,en
345,demotion,en
346,denial,en
347,department,en
348,departure,en
349,dependence,en
350,deposit,en
351,depress,en
352,deprivation,en
353,deputy,en
354,descent,en
355,description,en
356,desert,en
357,destitute,en
358,detection,en
359,detergent,en
360,detonator,en
361,development,en
362,devil,en
363,devolve,en
364,dew,en
365,diabetic,en
366,diagnose,en
367,diagonal,en
368,dialect,en
369,dialogue,en
370,diameter,en
371,dictator,en
372,dictatorship,en
373,diction,en
374,diffusion,en
375,digestion,en
376,dilapidation,en
377,dill,en
378,dilution,en
379,disable,en
380,disappointment,en
381,disarray,en
382,disciple,en
383,disco,en
384,discretion,en
385,discrimination,en
386,disengage,en
387,dishonestly,en
388,dismal,en
389,dismantling,en
390,dispatch,en
391,displacement,en
392,display,en
393,disposition,en
394,distinctiveness,en
395,distinguishing,en
396,distort,en
397,distressed,en
398,distressing,en
399,diversify,en
400,divination,en
401,divinity,en
402,dock,en
403,door,en
404,dose,en
405,double,en
406,downfall,en
407,drag,en
408,dramatic,en
409,draw,en
410,dreamer,en
411,dresser,en
412,drink,en
413,drinking,en
414,drop,en
415,droppings,en
416,drowned,en
417,drunkenness,en
418,duchess,en
419,duck,en
420,duke,en
421,dumb,en
422,dung,en
423,dutifully,en
424,dynamics,en
425,eagerness,en
426,eagle,en
427,earth,en
428,earthquake,en
429,edition,en
430,education,en
431,eel,en
432,efficiency,en
433,egoism,en
434,egomaniac,en
435,elaboration,en
436,elastic,en
437,elbow,en
438,elderly,en
439,electricity,en
440,electronics,en
441,element,en
442,elephant,en
443,emancipation,en
444,embitter,en
445,emerald,en
446,emitter,en
447,emotion,en
448,emphasis,en
449,empire,en
450,employee,en
451,encephalitis,en
452,enclosure,en
453,endurance,en
454,enlargement,en
455,enough,en
456,enterprise,en
457,entertainment,en
458,enthusiasm,en
459,entombment,en
460,entry,en
461,envision,en
462,episode,en
463,equation,en
464,equipment,en
465,erection,en
466,escort,en
467,esteem,en
468,euphemism,en
469,euphoria,en
470,exalt,en
471,exam,en
472,example,en
473,exasperate,en
474,excellency,en
475,exclusion,en
476,excuse,en
477,executive,en
478,exertion,en
479,exhausted,en
480,exhaustion,en
481,exile,en
482,exist,en
483,expansiveness,en
484,expatriate,en
485,expectancy,en
486,expedition,en
487,experiment,en
488,experimental,en
489,experimentation,en
490,expertise,en
491,expiration,en
492,explicit,en
493,exploration,en
494,explore,en
495,expressly,en
496,expressway,en
497,exquisite,en
498,extinction,en
499,extractor,en
500,extradite,en
501,eye,en
502,eyebrow,en
503,fabric,en
504,facetious,en
505,falcon,en
506,falsification,en
507,fanatic,en
508,fang,en
509,fascination,en
510,fated,en
511,faucet,en
512,favor,en
513,feeble,en
514,feed,en
515,felt,en
516,fence,en
517,ferret,en
518,ferry,en
519,fester,en
520,fewer,en
521,fiancee,en
522,fiber,en
523,fictional,en
524,fiddle,en
525,fidelity,en
526,fig,en
527,finale,en
528,fire,en
529,firefly,en
530,fishy,en
531,fistful,en
532,flag,en
533,flagstone,en
534,flipper,en
535,flowing,en
536,flu,en
537,flurry,en
538,focus,en
539,folk,en
540,food,en
541,foolishness,en
542,fragile,en
543,frailty,en
544,frame,en
545,freedom,en
546,frenzy,en
547,frequency,en
548,friction,en
549,fridge,en
550,friendship,en
551,frivolity,en
552,frontier,en
553,function,en
554,functionary,en
555,furnishings,en
556,furthermore,en
557,fuss,en
558,gable,en
559,gamut,en
560,gang,en
561,gas,en
562,gathering,en
563,gem,en
564,generality,en
565,generation,en
566,genetic,en
567,geographical,en
568,gerontology,en
569,gibberish,en
570,giddiness,en
571,gift,en
572,glisten,en
573,globe,en
574,goal,en
575,godfather,en
576,goldfinch,en
577,gory,en
578,gospel,en
579,gossip,en
580,government,en
581,governmental,en
582,grandchild,en
583,grandpa,en
584,grass,en
585,gratuitous,en
586,gravitate,en
587,graze,en
588,grease,en
589,green,en
590,greeting,en
591,grey,en
592,grip,en
593,gripes,en
594,grouch,en
595,grouper,en
596,grovel,en
597,grower,en
598,guidance,en
599,gunner,en
600,guts,en
601,hall,en
602,hallucination,en
603,hammer,en
604,hamster,en
605,handicraft,en
606,happening,en
607,harbor,en
608,hassle,en
609,hat,en
610,hatter,en
611,headline,en
612,healing,en
613,health,en
614,heap,en
615,hearth,en
616,heat,en
617,heated,en
618,hedge,en
619,height,en
620,heights,en
621,heir,en
622,helicopter,en
623,hell,en
624,helm,en
625,henhouse,en
626,herbivore,en
627,heron,en
628,hesitance,en
629,hesitant,en
630,hiccup,en
631,hideout,en
632,highlight,en
633,hindrance,en
634,hint,en
635,hissing,en
636,historic,en
637,hoax,en
638,holler,en
639,hospitable,en
640,hotel,en
641,hours,en
642,house,en
643,hue,en
644,human,en
645,humanist,en
646,humiliation,en
647,humility,en
648,humor,en
649,humorist,en
650,hunt,en
651,hurry,en
652,hurt,en
653,hypnotize,en
654,hypothesis,en
655,iceberg,en
656,identification,en
657,ideology,en
658,idiom,en
659,idiosyncrasy,en
660,illogical,en
661,illuminate,en
662,illustrious,en
663,imitation,en
664,immigrant,en
665,immorality,en
666,impart,en
667,impatience,en
668,imposition,en
669,imprison,en
670,impunity,en
671,incapacitate,en
672,incident,en
673,independence,en
674,index,en
675,indication,en
676,indigo,en
677,individualist,en
678,industrialization,en
679,inebriate,en
680,infection,en
681,inflammation,en
682,inflatable,en
683,influence,en
684,informal,en
685,inhabitant,en
686,inheritance,en
687,inject,en
688,injunction,en
689,innocence,en
690,innovator,en
691,inscrutable,en
692,insensible,en
693,insertion,en
694,insight,en
695,insinuation,en
696,insomnia,en
697,inspector,en
698,intelligence,en
699,interchange,en
700,interest,en
701,interfere,en
702,internally,en
703,intolerable,en
704,invasion,en
705,investigator,en
706,investment,en
707,invitee,en
708,isle,en
709,isolated,en
710,issuance,en
711,jacket,en
712,janitor,en
713,jaw,en
714,jeans,en
715,jib,en
716,jiffy,en
717,jive,en
718,joiner,en
719,joist,en
720,joy,en
721,judgeship,en
722,junction,en
723,jungle,en
724,junior,en
725,justice,en
726,justify,en
727,kerosene,en
728,kick,en
729,kidnap,en
730,kidney,en
731,kimono,en
732,kinetics,en
733,kiss,en
734,kite,en
735,knowing,en
736,label,en
737,labyrinth,en
738,lactose,en
739,ladybird,en
740,lagging,en
741,lagoon,en
742,lamb,en
743,lament,en
744,landlord,en
745,lasagna,en
746,laser,en
747,lasso,en
748,laudable,en
749,laughter,en
750,law,en
751,lawlessness,en
752,leap,en
753,learner,en
754,leaving,en
755,lecture,en
756,lecturer,en
757,leisure,en
758,leotard,en
759,lessening,en
760,lesson,en
761,lethal,en
762,license,en
763,licensee,en
764,lift,en
765,liftoff,en
766,lighting,en
767,likeness,en
768,lilac,en
769,limbo,en
770,lime,en
771,line,en
772,lineage,en
773,linen,en
774,lining,en
775,link,en
776,lint,en
777,liqueur,en
778,list,en
779,lobby,en
780,locale,en
781,lock,en
782,lockjaw,en
783,locomotive,en
784,longing,en
785,loo,en
786,loom,en
787,loss,en
788,lotto,en
789,love,en
790,lover,en
791,lovingly,en
792,loyalty,en
793,lug,en
794,luggage,en
795,lust,en
796,machinery,en
797,magenta,en
798,magnetism,en
799,magnitude,en
800,mailbox,en
801,maim,en
802,manatee,en
803,manger,en
804,manifestation,en
805,mankind,en
806,manner,en
807,manners,en
808,manufacturing,en
809,market,en
810,martini,en
811,marvel,en
812,masculinity,en
813,masochism,en
814,mast,en
815,mastery,en
816,mating,en
817,matrimony,en
818,mayhem,en
819,meaning,en
820,measure,en
821,measurement,en
822,mechanic,en
823,meditation,en
824,medium,en
825,megalopolis,en
826,melancholy,en
827,mellow,en
828,melody,en
829,melon,en
830,member,en
831,merger,en
832,merit,en
833,mermaid,en
834,metronome,en
835,midday,en
836,middle,en
837,millimeter,en
838,mimosa,en
839,minimum,en
840,minnow,en
841,mirage,en
842,mirror,en
843,mishap,en
844,mission,en
845,mistake,en
846,mister,en
847,mixed,en
848,mobile,en
849,mobility,en
850,moderation,en
851,modernism,en
852,modest,en
853,module,en
854,monolithic,en
855,monopolist,en
856,monopoly,en
857,monotony,en
858,monoxide,en
859,mortal,en
860,mother,en
861,motion,en
862,motive,en
863,movable,en
864,movie,en
865,mug,en
866,mulberry,en
867,mule,en
868,multiplicity,en
869,muscat,en
870,muscle,en
871,muse,en
872,museum,en
873,mustache,en
874,mystery,en
875,myth,en
876,nail,en
877,naive,en
878,name,en
879,narration,en
880,narrative,en
881,narrator,en
882,nationality,en
883,native,en
884,navigation,en
885,neckline,en
886,negative,en
887,nervous,en
888,nervousness,en
889,nest,en
890,network,en
891,newness,en
892,newspaper,en
893,niceness,en
894,nick,en
895,nightdress,en
896,nightmare,en
897,nip,en
898,noblesse,en
899,noise,en
900,nominee,en
901,nose,en
902,nucleus,en
903,nude,en
904,nudge,en
905,nuisance,en
906,number,en
907,nutrition,en
908,nylon,en
909,oar,en
910,object,en
911,objectionable,en
912,obligation,en
913,oblivion,en
914,obviousness,en
915,occupation,en
916,occupy,en
917,oddity,en
918,odor,en
919,onion,en
920,onto,en
921,open,en
922,openness,en
923,opinion,en
924,opponent,en
925,opposition,en
926,optician,en
927,optimistic,en
928,option,en
929,orange,en
930,orator,en
931,ordeal,en
932,ordination,en
933,ore,en
934,organs,en
935,origin,en
936,originality,en
937,originator,en
938,orthodontist,en
939,outrageousness,en
940,outset,en
941,outsider,en
942,outskirts,en
943,oval,en
944,oversee,en
945,overtaking,en
946,overwhelming,en
947,ownership,en
948,oxidation,en
949,pacifism,en
950,padlock,en
951,pain,en
952,panties,en
953,pants,en
954,paper,en
955,paprika,en
956,par,en
957,parachuting,en
958,parade,en
959,paranoid,en
960,parenthesis,en
961,parishioner,en
962,partisan,en
963,partition,en
964,patch,en
965,patent,en
966,paternity,en
967,pathway,en
968,patient,en
969,patty,en
970,pavilion,en
971,payer,en
972,payoff,en
973,peach,en
974,peck,en
975,peel,en
976,peephole,en
977,pelican,en
978,pencil,en
979,pendulum,en
980,penguin,en
981,penitence,en
982,perch,en
983,perfectionist,en
984,perfume,en
985,permeate,en
986,perpetrator,en
987,perseverance,en
988,person,en
989,personality,en
990,persuasive,en
991,persuasiveness,en
992,pessimist,en
993,petitioner,en
994,philanthropist,en
995,phobia,en
996,phoney,en
997,photographer,en
998,physiological,en
999,piazza,en
1000,pie,en
1001,pigeon,en
1002,pillory,en
1003,pilot,en
1004,pineapple,en
1005,pipeline,en
1006,piranha,en
1007,pirate,en
1008,pistol,en
1009,pitchfork,en
1010,pivot,en
1011,placebo,en
1012,plan,en
1013,planetarium,en
1014,platform,en
1015,platinum,en
1016,platoon,en
1017,plaudits,en
1018,playwright,en
1019,pleasure,en
1020,plum,en
1021,plumbing,en
1022,pock,en
1023,pocket,en
1024,poised,en
1025,polarization,en
1026,politician,en
1027,pomegranate,en
1028,pond,en
1029,pool,en
1030,poor,en
1031,pork,en
1032,potential,en
1033,practical,en
1034,practice,en
1035,prairie,en
1036,prawn,en
1037,prayer,en
1038,precipitation,en
1039,precision,en
1040,preoccupation,en
1041,present,en
1042,presidential,en
1043,prestige,en
1044,presumption,en
1045,prevailing,en
1046,prevention,en
1047,preventive,en
1048,pride,en
1049,prince,en
1050,princess,en
1051,printing,en
1052,proceedings,en
1053,proclamation,en
1054,product,en
1055,professorship,en
1056,programing,en
1057,prohibition,en
1058,proliferation,en
1059,pronunciation,en
1060,prophet,en
1061,prosecutor,en
1062,protest,en
1063,provocation,en
1064,pseudo,en
1065,psychiatrist,en
1066,psychoanalysis,en
1067,psychotic,en
1068,puberty,en
1069,publication,en
1070,puff,en
1071,pundit,en
1072,purple,en
1073,puzzle,en
1074,qualification,en
1075,quiet,en
1076,quorum,en
1077,racecourse,en
1078,racket,en
1079,radiance,en
1080,rafter,en
1081,rage,en
1082,ragged,en
1083,railroad,en
1084,ranch,en
1085,ranking,en
1086,rapidity,en
1087,rapture,en
1088,rat,en
1089,raven,en
1090,ravine,en
1091,raw,en
1092,reaction,en
1093,reactionary,en
1094,reactor,en
1095,reading,en
1096,rebirth,en
1097,receiver,en
1098,recognition,en
1099,rectify,en
1100,redemption,en
1101,reform,en
1102,reformist,en
1103,refusal,en
1104,regression,en
1105,regrettable,en
1106,rehearsal,en
1107,reign,en
1108,relationship,en
1109,relaxation,en
1110,relevance,en
1111,remoteness,en
1112,rendition,en
1113,renewal,en
1114,renown,en
1115,rep,en
1116,repetition,en
1117,report,en
1118,repositioning,en
1119,representation,en
1120,repression,en
1121,republic,en
1122,request,en
1123,residual,en
1124,resign,en
1125,resort,en
1126,rest,en
1127,restore,en
1128,restriction,en
1129,restructure,en
1130,retired,en
1131,retrieval,en
1132,revolver,en
1133,ribbon,en
1134,ridicule,en
1135,right,en
1136,rightist,en
1137,ripple,en
1138,rite,en
1139,ritual,en
1140,rival,en
1141,robotics,en
1142,role,en
1143,rooftop,en
1144,root,en
1145,rosemary,en
1146,round,en
1147,row,en
1148,rub,en
1149,rubbish,en
1150,ruby,en
1151,rucksack,en
1152,rump,en
1153,runner,en
1154,safekeeping,en
1155,salesperson,en
1156,salvage,en
1157,salvation,en
1158,sameness,en
1159,sanctity,en
1160,sane,en
1161,satellite,en
1162,sauce,en
1163,scare,en
1164,scared,en
1165,scarlet,en
1166,scholar,en
1167,schooling,en
1168,scooter,en
1169,scoring,en
1170,scrap,en
1171,scrawl,en
1172,screenplay,en
1173,screwy,en
1174,scriptwriter,en
1175,sculptor,en
1176,scuttle,en
1177,seaman,en
1178,search,en
1179,secretariat,en
1180,sedation,en
1181,sediment,en
1182,segment,en
1183,select,en
1184,selectivity,en
1185,selflessness,en
1186,semantics,en
1187,semblance,en
1188,sense,en
1189,sensuous,en
1190,sergeant,en
1191,seriousness,en
1192,sermon,en
1193,serve,en
1194,server,en
1195,serving,en
1196,set,en
1197,setup,en
1198,shaft,en
1199,shed,en
1200,shedding,en
1201,sheep,en
1202,sheepherder,en
1203,shepherd,en
1204,shindig,en
1205,shipwreck,en
1206,shiver,en
1207,shopping,en
1208,shore,en
1209,shot,en
1210,showman,en
1211,shun,en
1212,sickly,en
1213,side,en
1214,sieve,en
1215,sigh,en
1216,signature,en
1217,silence,en
1218,silk,en
1219,silver,en
1220,simplify,en
1221,simulator,en
1222,sink,en
1223,sinus,en
1224,sixth,en
1225,sixty,en
1226,skepticism,en
1227,skid,en
1228,skillet,en
1229,skunk,en
1230,skyline,en
1231,slam,en
1232,slapdash,en
1233,sleaze,en
1234,sleuth,en
1235,slim,en
1236,slope,en
1237,slow,en
1238,smallpox,en
1239,smile,en
1240,smoothness,en
1241,snap,en
1242,snippet,en
1243,snitch,en
1244,snooze,en
1245,snot,en
1246,snub,en
1247,soap,en
1248,sociable,en
1249,socialism,en
1250,socket,en
1251,sofa,en
1252,soil,en
1253,solid,en
1254,solitude,en
1255,solstice,en
1256,somersault,en
1257,sonny,en
1258,sophistication,en
1259,sounding,en
1260,source,en
1261,south,en
1262,sovereignty,en
1263,sparkling,en
1264,spasmodic,en
1265,speciality,en
1266,specificity,en
1267,specimen,en
1268,spectator,en
1269,speculation,en
1270,spiral,en
1271,spirit,en
1272,spittle,en
1273,splint,en
1274,sponge,en
1275,spontaneity,en
1276,spontaneous,en
1277,spore,en
1278,spots,en
1279,spout,en
1280,spruce,en
1281,squander,en
1282,squeak,en
1283,squeal,en
1284,squirm,en
1285,squirrel,en
1286,stability,en
1287,stain,en
1288,static,en
1289,statistic,en
1290,status,en
1291,stem,en
1292,stimulating,en
1293,stomach,en
1294,stonework,en
1295,stopper,en
1296,storm,en
1297,stormy,en
1298,straightaway,en
1299,straightedge,en
1300,street,en
1301,streetcar,en
1302,strength,en
1303,stretcher,en
1304,striker,en
1305,string,en
1306,stroke,en
1307,stroll,en
1308,studio,en
1309,stuffing,en
1310,substitute,en
1311,subway,en
1312,succession,en
1313,suck,en
1314,suggestion,en
1315,suitcase,en
1316,suitor,en
1317,summation,en
1318,sunrise,en
1319,sunset,en
1320,superficially,en
1321,superstition,en
1322,supper,en
1323,surgeon,en
1324,surplus,en
1325,surprise,en
1326,survey,en
1327,surveying,en
1328,swamp,en
1329,sweat,en
1330,sweater,en
1331,sweaty,en
1332,sweeten,en
1333,symbol,en
1334,sympathy,en
1335,symptom,en
1336,syndicate,en
1337,table,en
1338,tact,en
1339,tactician,en
1340,tally,en
1341,tamp,en
1342,tango,en
1343,taper,en
1344,tapestry,en
1345,target,en
1346,tax,en
1347,taxi,en
1348,telegraph,en
1349,telescope,en
1350,temper,en
1351,temptation,en
1352,tenet,en
1353,territory,en
1354,testimony,en
1355,testy,en
1356,text,en
1357,thatch,en
1358,theatre,en
1359,therapeutics,en
1360,therapist,en
1361,thickness,en
1362,thief,en
1363,thinker,en
1364,thought,en
1365,thread,en
1366,threat,en
1367,threshold,en
1368,throng,en
1369,thumb,en
1370,thunder,en
1371,tights,en
1372,timetable,en
1373,timidity,en
1374,tinker,en
1375,tint,en
1376,tiring,en
1377,titillation,en
1378,toad,en
1379,toilsome,en
1380,tomato,en
1381,torment,en
1382,tormentor,en
1383,torpedo,en
1384,torrent,en
1385,torrid,en
1386,tortilla,en
1387,toss,en
1388,tot,en
1389,total,en
1390,totalitarianism,en
1391,touchy,en
1392,toughness,en
1393,township,en
1394,toxic,en
1395,toxin,en
1396,tracing,en
1397,traction,en
1398,tranquility,en
1399,transact,en
1400,transatlantic,en
1401,transcendence,en
1402,transcript,en
1403,transference,en
1404,transgression,en
1405,transistor,en
1406,transition,en
1407,transport,en
1408,treatment,en
1409,treaty,en
1410,trial,en
1411,trick,en
1412,tricky,en
1413,trio,en
1414,trip,en
1415,triviality,en
1416,trot,en
1417,trouser,en
1418,trowel,en
1419,tuberculosis,en
1420,tuna,en
1421,turbot,en
1422,turbulence,en
1423,turpitude,en
1424,turtle,en
1425,tux,en
1426,twelveth,en
1427,twinge,en
1428,twinkle,en
1429,twirl,en
1430,twister,en
1431,typical,en
1432,tyranny,en
1433,tyrant,en
1434,unburden,en
1435,uncle,en
1436,underline,en
1437,understand,en
1438,undertow,en
1439,unfairness,en
1440,unfaithful,en
1441,unicycle,en
1442,unknown,en
1443,unmistakable,en
1444,unsuitable,en
1445,untangle,en
1446,unveiling,en
1447,unwieldiness,en
1448,updating,en
1449,uptake,en
1450,uranium,en
1451,urban,en
1452,urologist,en
1453,useless,en
1454,user,en
1455,utilization,en
1456,vagrancy,en
1457,vague,en
1458,value,en
1459,vampire,en
1460,variance,en
1461,veil,en
1462,velocity,en
1463,velveteen,en
1464,veneer,en
1465,venerate,en
1466,veranda,en
1467,verdict,en
1468,vertex,en
1469,vertically,en
1470,vertigo,en
1471,veterinarian,en
1472,viaduct,en
1473,victim,en
1474,victory,en
1475,view,en
1476,viewing,en
1477,villa,en
1478,village,en
1479,vinegar,en
1480,violence,en
1481,virology,en
1482,virtually,en
1483,visibility,en
1484,visible,en
1485,vocabulary,en
1486,vodka,en
1487,voucher,en
1488,wager,en
1489,waistline,en
1490,waiting,en
1491,walkout,en
1492,waltz,en
1493,warning,en
1494,warrantee,en
1495,watchword,en
1496,weapon,en
1497,weather,en
1498,weeping,en
1499,west,en
1500,whale,en
1501,wheeze,en
1502,whip,en
1503,whirlpool,en
1504,whisper,en
1505,whisperer,en
1506,whiten,en
1507,whittle,en
1508,whiz,en
1509,wholeness,en
1510,wicker,en
1511,wide,en
1512,widow,en
1513,will,en
1514,willful,en
1515,wind,en
1516,windbreaker,en
1517,windscreen,en
1518,wipe,en
1519,wire,en
1520,wisp,en
1521,witch,en
1522,wizard,en
1523,womb,en
1524,wonderfully,en
1525,workforce,en
1526,worldliness,en
1527,wrangler,en
1528,wren,en
1529,wrist,en
1530,yard,en
1531,year,en
1532,yellow,en
1533,elogio,es
1534,fanfarrón,es
1535,difamar,es
1536,deterioro,es
1537,deshonestamente,es
1538,peculiaridad,es
1539,extensión,es
1540,artesanía,es
1541,vacilación,es
1542,cinética,es
1543,licenciado,es
1544,megalópolis,es
1545,monopolista,es
1546,moscatel,es
1547,evidencia,es
1548,barbaridad,es
1549,aplausos,es
1550,especialista,es
1551,derechista,es
1552,cantería,es
1553,terapéutica,es
1554,rodaballo,es
1555,incomodidad,es
1556,venerar,es
1557,garantía,es
1558,cenador,es
1559,biplano,es
1560,chollo,es
1561,dilución,es
1562,egoísmo,es
1563,amargar,es
1564,exasperar,es
1565,funcionario,es
1566,jilguero,es
1567,humorista,es
1568,individualista,es
1569,invitado,es
1570,modernismo,es
1571,persuasión,es
1572,programación,es
1573,reformista,es
1574,guionista,es
1575,regla,es
1576,totalitarismo,es
1577,vértice,es
1578,virología,es
1579,embajada,es
1580,entierro,es
1581,falsificación,es
1582,industrialización,es
1583,ebrio,es
1584,emisión,es
1585,vigueta,es
1586,nobleza,es
1587,inventor,es
1588,paréntesis,es
1589,penitencia,es
1590,viga,es
1591,selectividad,es
1592,espasmódico,es
1593,apisonar,es
1594,atormentador,es
1595,blanquear,es
1596,experiencia,es
1597,antipatía,es
1598,personalizar,es
1599,elaboración,es
1600,generalidad,es
1601,mareo,es
1602,humanista,es
1603,insensible,es
1604,disminución,es
1605,monolítico,es
1606,multiplicidad,es
1607,camisón,es
1608,óptico,es
1609,impregnar,es
1610,cicatriz,es
1611,polarización,es
1612,lejanía,es
1613,chapucero,es
1614,fatigoso,es
1615,pana,es
1616,cofre,es
1617,conformación,es
1618,delegar,es
1619,adivinación,es
1620,cuidadosamente,es
1621,extractor,es
1622,ordenación,es
1623,picota,es
1624,cátedra,es
1625,rapidez,es
1626,secretaría,es
1627,fragmento,es
1628,especificidad,es
1629,trascendencia,es
1630,trivialidad,es
1631,integridad,es
1632,grandeza,es
1633,presidente,es
1634,contrarrevolucionario,es
1635,culpabilidad,es
1636,diana,es
1637,chistoso,es
1638,gerontología,es
1639,herbívoro,es
1640,loable,es
1641,masoquismo,es
1642,rareza,es
1643,adelantamiento,es
1644,suavidad,es
1645,principio,es
1646,timidez,es
1647,excitación,es
1648,lema,es
1649,archipiélago,es
1650,humedad,es
1651,emisor,es
1652,gravitar,es
1653,mariquita,es
1654,pacifismo,es
1655,espora,es
1656,losa,es
1657,habitante,es
1658,orador,es
1659,parroquiano,es
1660,pagador,es
1661,hipódromo,es
1662,mochila,es
1663,igualdad,es
1664,táctico,es
1665,consumo,es
1666,desgaste,es
1667,basílica,es
1668,cuña,es
1669,coherencia,es
1670,comprender,es
1671,expatriado,es
1672,frivolidad,es
1673,partidario,es
1674,reposicionamiento,es
1675,candela,es
1676,utilización,es
1677,susurrador,es
1678,acidez,es
1679,destierro,es
1680,cimbra,es
1681,adherirse,es
1682,constancia,es
1683,decibel,es
1684,exaltar,es
1685,mero,es
1686,cultivador,es
1687,idiosincrasia,es
1688,innovador,es
1689,judicatura,es
1690,manatí,es
1691,metrónomo,es
1692,detective,es
1693,vaquero,es
1694,audacia,es
1695,cerda,es
1696,ahechadura,es
1697,coral,es
1698,contrapeso,es
1699,difusión,es
1700,encefalitis,es
1701,incapacitar,es
1702,pastor,es
1703,superficialmente,es
1704,tramitar,es
1705,desahogarse,es
1706,injusticia,es
1707,monociclo,es
1708,viaducto,es
1709,aluminio,es
1710,dormitorio,es
1711,compendio,es
1712,convergencia,es
1713,exclusión,es
1714,expresión,es
1715,amabilidad,es
1716,preventivo,es
1717,proliferación,es
1718,resplandor,es
1719,letra,es
1720,saliva,es
1721,acumulación,es
1722,propaganda,es
1723,platillo,es
1724,afán,es
1725,extraditar,es
1726,gama,es
1727,cólicos,es
1728,aislante,es
1729,novedad,es
1730,oxidación,es
1731,granada,es
1732,calificación,es
1733,reestructurar,es
1734,infamia,es
1735,antigüedad,es
1736,afirmación,es
1737,asombro,es
1738,botánico,es
1739,garza,es
1740,obstáculo,es
1741,tétanos,es
1742,piscardo,es
1743,narración,es
1744,dureza,es
1745,paleta,es
1746,parabrisas,es
1747,estética,es
1748,cuerno,es
1749,caricatura,es
1750,diversificar,es
1751,esfuerzo,es
1752,insinuación,es
1753,intercambio,es
1754,mueble,es
1755,escote,es
1756,precipitación,es
1757,seudo,es
1758,desinterés,es
1759,tinte,es
1760,desenredar,es
1761,barroco,es
1762,chapuza,es
1763,corroboración,es
1764,degradación,es
1765,índigo,es
1766,lugar,es
1767,comienzo,es
1768,paracaidismo,es
1769,solsticio,es
1770,multitud,es
1771,tortilla,es
1772,anorak,es
1773,culo,es
1774,cronológico,es
1775,clérigo,es
1776,frialdad,es
1777,condensación,es
1778,anticonceptivo,es
1779,desfiladero,es
1780,desorden,es
1781,carpintero,es
1782,monotonía,es
1783,reaccionario,es
1784,vendedor,es
1785,empresario,es
1786,topografía,es
1787,urólogo,es
1788,personal,es
1789,fragilidad,es
1790,gratuito,es
1791,impunidad,es
1792,mimosa,es
1793,subrayado,es
1794,correlato,es
1795,objetable,es
1796,preocupación,es
1797,diferencia,es
1798,chochín,es
1799,asmático,es
1800,hábil,es
1801,desmantelamiento,es
1802,distorsionar,es
1803,recinto,es
1804,gallinero,es
1805,encarcelar,es
1806,leotardo,es
1807,franqueza,es
1808,planetario,es
1809,renombre,es
1810,desaire,es
1811,pantalón,es
1812,apéndice,es
1813,sillón,es
1814,dependencia,es
1815,ampliación,es
1816,vacilante,es
1817,acercarse,es
1818,sedimento,es
1819,torrente,es
1820,tallar,es
1821,mechón,es
1822,autobiográfico,es
1823,relucir,es
1824,inmoralidad,es
1825,mutilar,es
1826,interpretación,es
1827,apariencia,es
1828,bramido,es
1829,sombrerero,es
1830,pivote,es
1831,cintura,es
1832,abolir,es
1833,asar,es
1834,desertor,es
1835,emancipación,es
1836,ráfaga,es
1837,mobiliario,es
1838,cascarrabias,es
1839,inescrutable,es
1840,mirilla,es
1841,peticionario,es
1842,pronunciación,es
1843,inadecuado,es
1844,verticalmente,es
1845,agitación,es
1846,dicción,es
1847,euforia,es
1848,masculinidad,es
1849,ortodoncista,es
1850,división,es
1851,plaza,es
1852,psicoanálisis,es
1853,sensual,es
1854,muda,es
1855,voltereta,es
1856,municipio,es
1857,transgresión,es
1858,audaz,es
1859,propicio,es
1860,combinación,es
1861,cítrico,es
1862,ocultación,es
1863,correctivo,es
1864,ilegalidad,es
1865,pesimista,es
1866,gamba,es
1867,restricción,es
1868,rehuir,es
1869,tapón,es
1870,espesor,es
1871,punzada,es
1872,actualización,es
1873,grupo,es
1874,diagonal,es
1875,visualizar,es
1876,hipo,es
1877,impartir,es
1878,medición,es
1879,péndulo,es
1880,quórum,es
1881,naufragio,es
1882,escurrir,es
1883,resaca,es
1884,vagancia,es
1885,aviador,es
1886,distintivo,es
1887,luciérnaga,es
1888,gubernamental,es
1889,licor,es
1890,predominante,es
1891,tórrido,es
1892,difamación,es
1893,ilógico,es
1894,maestría,es
1895,robótica,es
1896,socialismo,es
1897,soberanía,es
1898,jadeo,es
1899,aclaración,es
1900,experimentación,es
1901,puñado,es
1902,lactosa,es
1903,nerviosismo,es
1904,originalidad,es
1905,malgastar,es
1906,transistor,es
1907,geográfico,es
1908,hipnotizar,es
1909,mora,es
1910,estadística,es
1911,torbellino,es
1912,aristocracia,es
1913,cálculo,es
1914,conservación,es
1915,expectativa,es
1916,predestinado,es
1917,inserción,es
1918,magenta,es
1919,fisiológico,es
1920,prevención,es
1921,transatlántico,es
1922,tuberculosis,es
1923,antibiótico,es
1924,valientemente,es
1925,ideología,es
1926,inflamación,es
1927,despegue,es
1928,regresión,es
1929,suma,es
1930,hogar,es
1931,horizonte,es
1932,barracuda,es
1933,rebaba,es
1934,continuidad,es
1935,ególatra,es
1936,impaciencia,es
1937,movilidad,es
1938,candado,es
1939,horca,es
1940,repetición,es
1941,deliberado,es
1942,deprimir,es
1943,desahuciado,es
1944,embriaguez,es
1945,foque,es
1946,escepticismo,es
1947,tapiz,es
1948,altercado,es
1949,sangriento,es
1950,inflable,es
1951,moderación,es
1952,perseverancia,es
1953,placebo,es
1954,tranquilidad,es
1955,sábana,es
1956,bautizo,es
1957,portapapeles,es
1958,afueras,es
1959,presunción,es
1960,paja,es
1961,carpa,es
1962,rasguño,es
1963,imposición,es
1964,lila,es
1965,semántica,es
1966,enfermizo,es
1967,corrupción,es
1968,porche,es
1969,vértigo,es
1970,privación,es
1971,excrementos,es
1972,candidato,es
1973,perfeccionista,es
1974,simulador,es
1975,endulzar,es
1976,laberinto,es
1977,profesor,es
1978,locomotor,es
1979,pimenton,es
1980,huida,es
1981,mirlo,es
1982,celofán,es
1983,conjetura,es
1984,angustioso,es
1985,hospitalario,es
1986,iluminar,es
1987,mediodía,es
1988,nacionalidad,es
1989,remo,es
1990,rectificar,es
1991,represión,es
1992,espontaneidad,es
1993,avergonzarse,es
1994,desplazamiento,es
1995,divinidad,es
1996,dinámica,es
1997,linaje,es
1998,aceleración,es
1999,adolescencia,es
2000,hipótesis,es
2001,éxtasis,es
2002,especialidad,es
2003,férula,es
2004,transferencia,es
2005,corral,es
2006,caldo,es
2007,quiropráctico,es
2008,corsé,es
2009,aleta,es
2010,lazo,es
2011,núcleo,es
2012,filántropo,es
2013,inequívoco,es
2014,barniz,es
2015,eufemismo,es
2016,cariñosamente,es
2017,custodia,es
2018,escultor,es
2019,simplificar,es
2020,siesta,es
2021,espectador,es
2022,toxina,es
2023,duodécimo,es
2024,vale,es
2025,dictadura,es
2026,lamentable,es
2027,ampollar,es
2028,deplorable,es
2029,nutrición,es
2030,sucesión,es
2031,mimbre,es
2032,asfalto,es
2033,autopista,es
2034,lamento,es
2035,magnetismo,es
2036,paternidad,es
2037,pabellón,es
2038,renovación,es
2039,sofisticación,es
2040,irascible,es
2041,activista,es
2042,coma,es
2043,perca,es
2044,capitalismo,es
2045,faena,es
2046,pesebre,es
2047,sociable,es
2048,recta,es
2049,limpieza,es
2050,obligar,es
2051,detergente,es
2052,digestión,es
2053,discípulo,es
2054,vencimiento,es
2055,fobia,es
2056,chorro,es
2057,inauguración,es
2058,canalla,es
2059,diagnosticar,es
2060,diámetro,es
2061,elástico,es
2062,manifestación,es
2063,percance,es
2064,narrativa,es
2065,provocación,es
2066,renacimiento,es
2067,chantajista,es
2068,censura,es
2069,desacoplar,es
2070,nene,es
2071,anécdota,es
2072,aguilón,es
2073,kimono,es
2074,proclamación,es
2075,efectivo,es
2076,caverna,es
2077,corroborar,es
2078,apuesto,es
2079,tacto,es
2080,expresamente,es
2081,codazo,es
2082,recuperación,es
2083,precisamente,es
2084,monóxido,es
2085,ruta,es
2086,sedación,es
2087,contaminación,es
2088,crucifijo,es
2089,piraña,es
2090,pensador,es
2091,agotador,es
2092,rebajarse,es
2093,aprendiz,es
2094,prohibición,es
2095,visibilidad,es
2096,aguacate,es
2097,higo,es
2098,isla,es
2099,sartén,es
2100,fricción,es
2101,biólogo,es
2102,compuesto,es
2103,caída,es
2104,listo,es
2105,residuo,es
2106,seriedad,es
2107,veterinario,es
2108,barbudo,es
2109,énfasis,es
2110,internamente,es
2111,tranvía,es
2112,cazador,es
2113,mandato,es
2114,queroseno,es
2115,rechazo,es
2116,trío,es
2117,archivo,es
2118,giro,es
2119,dialecto,es
2120,resistencia,es
2121,hebra,es
2122,supervisar,es
2123,beige,es
2124,conservatorio,es
2125,contradecir,es
2126,pliegue,es
2127,intolerable,es
2128,nylon,es
2129,óvalo,es
2130,fiesta,es
2131,pretendiente,es
2132,censo,es
2133,milímetro,es
2134,prestigio,es
2135,apóstol,es
2136,afligido,es
2137,explícito,es
2138,ceja,es
2139,ficticio,es
2140,tonalidad,es
2141,clasificación,es
2142,ilustre,es
2143,dramaturgo,es
2144,grupa,es
2145,anguila,es
2146,grifo,es
2147,silbido,es
2148,magnitud,es
2149,enseñanza,es
2150,adquisición,es
2151,rito,es
2152,tormentoso,es
2153,viruela,es
2154,atuendo,es
2155,comentario,es
2156,extinción,es
2157,onda,es
2158,nieto,es
2159,escalofrío,es
2160,desactivar,es
2161,cobertura,es
2162,destacar,es
2163,inmigrante,es
2164,espejismo,es
2165,tornado,es
2166,usuario,es
2167,bambú,es
2168,crónica,es
2169,escondite,es
2170,instante,es
2171,harapiento,es
2172,relajación,es
2173,laguna,es
2174,techo,es
2175,agotamiento,es
2176,relevancia,es
2177,enchufe,es
2178,calendario,es
2179,tiranía,es
2180,hurón,es
2181,mástil,es
2182,anunciar,es
2183,fanático,es
2184,meditación,es
2185,mineral,es
2186,santidad,es
2187,cazuela,es
2188,detección,es
2189,loto,es
2190,estima,es
2191,débil,es
2192,informal,es
2193,jerga,es
2194,fabricación,es
2195,criminal,es
2196,marinero,es
2197,trazado,es
2198,vinagre,es
2199,acorazado,es
2200,esclavitud,es
2201,navegación,es
2202,insomnio,es
2203,pelícano,es
2204,puntuación,es
2205,seno,es
2206,calcio,es
2207,eneldo,es
2208,estiércol,es
2209,fascinación,es
2210,publicación,es
2211,caótico,es
2212,estabilidad,es
2213,alucinación,es
2214,espiral,es
2215,coalición,es
2216,iceberg,es
2217,trote,es
2218,tortícolis,es
2219,huelga,es
2220,decoración,es
2221,barranco,es
2222,exilio,es
2223,algarabía,es
2224,caja,es
2225,conquista,es
2226,exploración,es
2227,síntoma,es
2228,tracción,es
2229,confrontación,es
2230,decreto,es
2231,colmillo,es
2232,semejanza,es
2233,musa,es
2234,tirano,es
2235,contemporáneo,es
2236,maravilla,es
2237,turbulencia,es
2238,ridículo,es
2239,tallado,es
2240,fidelidad,es
2241,olvido,es
2242,segmento,es
2243,arsenal,es
2244,calamidad,es
2245,cuna,es
2246,soledad,es
2247,espumoso,es
2248,sindicar,es
2249,frenesí,es
2250,moverse,es
2251,excedente,es
2252,escarabajo,es
2253,superstición,es
2254,roca,es
2255,tontería,es
2256,índice,es
2257,pico,es
2258,comunismo,es
2259,catálogo,es
2260,dictador,es
2261,moco,es
2262,huelguista,es
2263,auxiliar,es
2264,controversial,es
2265,antojo,es
2266,rocío,es
2267,hámster,es
2268,caos,es
2269,uranio,es
2270,visita,es
2271,angustia,es
2272,disposición,es
2273,encuadernación,es
2274,discriminación,es
2275,erección,es
2276,melancolía,es
2277,persuasivo,es
2278,derrape,es
2279,pubertad,es
2280,redención,es
2281,parpadeo,es
2282,diabético,es
2283,soborno,es
2284,camilla,es
2285,gitano,es
2286,bacalao,es
2287,tubería,es
2288,tallo,es
2289,maravillosamente,es
2290,cariñoso,es
2291,cocodrilo,es
2292,propiedad,es
2293,cometa,es
2294,especulación,es
2295,hedor,es
2296,vocabulario,es
2297,rizo,es
2298,artillero,es
2299,estimulante,es
2300,infiel,es
2301,detonador,es
2302,limbo,es
2303,lavabo,es
2304,calvario,es
2305,forastero,es
2306,chirrido,es
2307,humildad,es
2308,engaño,es
2309,inyectar,es
2310,platino,es
2311,final,es
2312,apocalipsis,es
2313,joya,es
2314,ocupar,es
2315,patente,es
2316,representación,es
2317,encubrir,es
2318,ocio,es
2319,piña,es
2320,esmeralda,es
2321,descenso,es
2322,titular,es
2323,acalorado,es
2324,agarradera,es
2325,molestar,es
2326,guión,es
2327,medias,es
2328,matrimonio,es
2329,módulo,es
2330,chillido,es
2331,colisión,es
2332,supurar,es
2333,cartulina,es
2334,eficiencia,es
2335,electrónica,es
2336,imitación,es
2337,patinete,es
2338,sermón,es
2339,tormento,es
2340,acuario,es
2341,monopolio,es
2342,revólver,es
2343,umbral,es
2344,velocidad,es
2345,acusación,es
2346,sospechoso,es
2347,conocimiento,es
2348,pradera,es
2349,grillo,es
2350,bastón,es
2351,anhelo,es
2352,además,es
2353,actas,es
2354,pingüino,es
2355,cactus,es
2356,acostumbrado,es
2357,canario,es
2358,lino,es
2359,unión,es
2360,precisión,es
2361,pendiente,es
2362,telescopio,es
2363,receptor,es
2364,velo,es
2365,menos,es
2366,apacible,es
2367,armadillo,es
2368,prometida,es
2369,crítica,es
2370,soñador,es
2371,oposición,es
2372,fibra,es
2373,centelleo,es
2374,hipócrita,es
2375,cuervo,es
2376,reinado,es
2377,transición,es
2378,evangelio,es
2379,quisquilloso,es
2380,tallista,es
2381,sirena,es
2382,soplón,es
2383,herencia,es
2384,llanto,es
2385,ramo,es
2386,saludo,es
2387,molestia,es
2388,mordisco,es
2389,relleno,es
2390,mofeta,es
2391,frontera,es
2392,político,es
2393,escarlata,es
2394,telégrafo,es
2395,cal,es
2396,halcón,es
2397,suposición,es
2398,cobra,es
2399,regreso,es
2400,convento,es
2401,mérito,es
2402,optimista,es
2403,suspiro,es
2404,ciruela,es
2405,esmoquin,es
2406,útero,es
2407,logro,es
2408,caimán,es
2409,ecuación,es
2410,cuenta,es
2411,besito,es
2412,selecto,es
2413,convoy,es
2414,indicación,es
2415,canoa,es
2416,cajonera,es
2417,impresión,es
2418,lasaña,es
2419,autorización,es
2420,reforma,es
2421,circulación,es
2422,violín,es
2423,histórico,es
2424,erudito,es
2425,continente,es
2426,discreción,es
2427,maquinaria,es
2428,bikini,es
2429,catedral,es
2430,otoño,es
2431,rival,es
2432,sondeo,es
2433,apareamiento,es
2434,condicionamiento,es
2435,barcaza,es
2436,experimental,es
2437,zumbido,es
2438,almeja,es
2439,camarero,es
2440,fusión,es
2441,apuesta,es
2442,pericia,es
2443,independencia,es
2444,reactor,es
2445,categoría,es
2446,diálogo,es
2447,ancianos,es
2448,virtualmente,es
2449,charloteo,es
2450,ocupación,es
2451,rescate,es
2452,pedazo,es
2453,paseo,es
2454,buzón,es
2455,exquisito,es
2456,espontáneo,es
2457,lienzo,es
2458,cebolla,es
2459,tentación,es
2460,fluido,es
2461,melón,es
2462,pasamanos,es
2463,coleccionista,es
2464,antídoto,es
2465,chatarra,es
2466,villa,es
2467,sudoroso,es
2468,aula,es
2469,origen,es
2470,soplo,es
2471,encuesta,es
2472,duquesa,es
2473,entusiasmo,es
2474,contabilidad,es
2475,forro,es
2476,vago,es
2477,reconocimiento,es
2478,urbano,es
2479,académico,es
2480,humillación,es
2481,sustituto,es
2482,tratado,es
2483,adversario,es
2484,aplauso,es
2485,muestra,es
2486,banquero,es
2487,escoba,es
2488,tela,es
2489,artificial,es
2490,fontanería,es
2491,consulado,es
2492,edición,es
2493,montón,es
2494,tóxico,es
2495,abrumador,es
2496,bigote,es
2497,romero,es
2498,par,es
2499,restaurar,es
2500,corredor,es
2501,visible,es
2502,interferencia,es
2503,justificar,es
2504,salvación,es
2505,renunciar,es
2506,mecánico,es
2507,cinta,es
2508,frágil,es
2509,representante,es
2510,hilo,es
2511,globo,es
2512,heredero,es
2513,texto,es
2514,negación,es
2515,dosis,es
2516,manivela,es
2517,propietario,es
2518,profeta,es
2519,ferry,es
2520,timón,es
2521,cáscara,es
2522,tango,es
2523,partida,es
2524,decepción,es
2525,sesenta,es
2526,arquero,es
2527,padrino,es
2528,barbero,es
2529,ardilla,es
2530,vals,es
2531,ladrido,es
2532,cuerdo,es
2533,constitución,es
2534,lujuria,es
2535,presidencial,es
2536,basura,es
2537,república,es
2538,ajustar,es
2539,expedición,es
2540,letal,es
2541,sapo,es
2542,conserje,es
2543,disco,es
2544,portazo,es
2545,batallón,es
2546,sofá,es
2547,modesto,es
2548,grito,es
2549,desnudo,es
2550,organos,es
2551,paloma,es
2552,tomate,es
2553,colonia,es
2554,forúnculo,es
2555,amanecer,es
2556,aislado,es
2557,bañera,es
2558,investigador,es
2559,codo,es
2560,plataforma,es
2561,aplicado,es
2562,mancha,es
2563,incumplimiento,es
2564,explorar,es
2565,litera,es
2566,iluminación,es
2567,estanque,es
2568,melocotón,es
2569,terremoto,es
2570,curación,es
2571,psicótiko,es
2572,torpedo,es
2573,ingenuo,es
2574,secuestrar,es
2575,inocencia,es
2576,frecuencia,es
2577,vaqueros,es
2578,melodía,es
2579,elemento,es
2580,salto,es
2581,esponja,es
2582,obligación,es
2583,ansiedad,es
2584,atracción,es
2585,taza,es
2586,comunicado,es
2587,etiquetar,es
2588,mito,es
2589,recurso,es
2590,grasa,es
2591,mula,es
2592,médium,es
2593,carnaval,es
2594,confusión,es
2595,escándalo,es
2596,mandíbula,es
2597,gente,es
2598,recompensa,es
2599,demostración,es
2600,fiscal,es
2601,pelotón,es
2602,reunión,es
2603,rompecabezas,es
2604,pirata,es
2605,dirección,es
2606,alturas,es
2607,ancla,es
2608,pasillo,es
2609,raqueta,es
2610,pastorear,es
2611,móvil,es
2612,bombardeo,es
2613,genético,es
2614,ahogado,es
2615,eje,es
2616,chisme,es
2617,suelo,es
2618,pulsera,es
2619,asistir,es
2620,susurro,es
2621,martini,es
2622,delicado,es
2623,atún,es
2624,defensa,es
2625,identificación,es
2626,empresa,es
2627,bragas,es
2628,mínimo,es
2629,cañón,es
2630,congreso,es
2631,capa,es
2632,nativo,es
2633,llegada,es
2634,emoción,es
2635,compasión,es
2636,adoptado,es
2637,láser,es
2638,invasión,es
2639,exposición,es
2640,símbolo,es
2641,configuración,es
2642,gripe,es
2643,infección,es
2644,humanidad,es
2645,protesta,es
2646,arroyo,es
2647,ritual,es
2648,pantano,es
2649,carga,es
2650,conclusión,es
2651,fotógrafo,es
2652,gris,es
2653,pista,es
2654,ámbar,es
2655,altura,es
2656,terapeuta,es
2657,interferir,es
2658,mortal,es
2659,agarre,es
2660,riñón,es
2661,bendición,es
2662,muelle,es
2663,inversión,es
2664,dramático,es
2665,seda,es
2666,refrigerador,es
2667,lápiz,es
2668,constante,es
2669,consejero,es
2670,ácido,es
2671,excelencia,es
2672,presupuesto,es
2673,pistola,es
2674,cadáver,es
2675,vodka,es
2676,queja,es
2677,ladrillo,es
2678,herida,es
2679,álbum,es
2680,anuncio,es
2681,atardecer,es
2682,lugares,es
2683,muñeca,es
2684,narrador,es
2685,aleccionar,es
2686,raíz,es
2687,medida,es
2688,cerdo,es
2689,ejecutivo,es
2690,cordero,es
2691,mago,es
2692,paranoico,es
2693,metro,es
2694,banana,es
2695,compromiso,es
2696,depósito,es
2697,sexto,es
2698,asistencia,es
2699,veredicto,es
2700,columna,es
2701,cobertizo,es
2702,puerto,es
2703,análisis,es
2704,empanada,es
2705,función,es
2706,nido,es
2707,equipaje,es
2708,bota,es
2709,transporte,es
2710,locutor,es
2711,ballena,es
2712,práctico,es
2713,enfurecerse,es
2714,supuesto,es
2715,elefante,es
2716,temperamento,es
2717,teatro,es
2718,perfumar,es
2719,activo,es
2720,electricidad,es
2721,águila,es
2722,manera,es
2723,empleado,es
2724,lealtad,es
2725,porción,es
2726,pulgar,es
2727,adelgazar,es
2728,rubí,es
2729,base,es
2730,enlace,es
2731,psiquiatra,es
2732,jubilados,es
2733,viuda,es
2734,generación,es
2735,entrada,es
2736,acento,es
2737,firma,es
2738,sugerencia,es
2739,desarrollo,es
2740,episodio,es
2741,púrpura,es
2742,tirada,es
2743,academia,es
2744,ferrocarril,es
2745,ensayo,es
2746,martillo,es
2747,bingo,es
2748,entretenimiento,es
2749,típico,es
2750,descripción,es
2751,imperio,es
2752,cuerda,es
2753,vestíbulo,es
2754,modales,es
2755,exhausto,es
2756,adecuado,es
2757,desfilar,es
2758,filo,es
2759,apoplejía,es
2760,látigo,es
2761,motivo,es
2762,trueno,es
2763,maleta,es
2764,examen,es
2765,oveja,es
2766,margarita,es
2767,músculo,es
2768,dama,es
2769,risa,es
2770,suéter,es
2771,transcripción,es
2772,conciencia,es
2773,rubio,es
2774,cultura,es
2775,marco,es
2776,deuda,es
2777,opción,es
2778,impuesto,es
2779,territorio,es
2780,escolta,es
2781,estado,es
2782,producto,es
2783,testimonio,es
2784,influencia,es
2785,desconocido,es
2786,jabón,es
2787,masaje,es
2788,encanto,es
2789,salsa,es
2790,diputado,es
2791,satélite,es
2792,oración,es
2793,helicóptero,es
2794,personalidad,es
2795,valla,es
2796,experimento,es
2797,reacción,es
2798,cirujano,es
2799,caridad,es
2800,red,es
2801,humor,es
2802,meta,es
2803,césped,es
2804,avenida,es
2805,pasada,es
2806,fregadero,es
2807,tortuga,es
2808,circo,es
2809,comodidad,es
2810,hijito,es
2811,incidente,es
2812,chasquido,es
2813,parche,es
2814,bandera,es
2815,vampiro,es
2816,rancho,es
2817,rol,es
2818,museo,es
2819,coincidencia,es
2820,coca,es
2821,clavo,es
2822,potencial,es
2823,movimiento,es
2824,inteligencia,es
2825,tratamiento,es
2826,cena,es
2827,enojo,es
2828,educación,es
2829,sólido,es
2830,cabina,es
2831,costa,es
2832,inútil,es
2833,arco,es
2834,jaula,es
2835,amenaza,es
2836,mixto,es
2837,victoria,es
2838,círculo,es
2839,valor,es
2840,estruendo,es
2841,sudor,es
2842,inspector,es
2843,naranja,es
2844,pesadilla,es
2845,selva,es
2846,amistad,es
2847,misterio,es
2848,violencia,es
2849,estudio,es
2850,coraje,es
2851,periódico,es
2852,vísceras,es
2853,ancho,es
2854,espejo,es
2855,novia,es
2856,ladrón,es
2857,cinturón,es
2858,canal,es
2859,pato,es
2860,duque,es
2861,patio,es
2862,silencio,es
2863,conferencia,es
2864,equipo,es
2865,vaca,es
2866,solicitud,es
2867,negativo,es
2868,objeto,es
2869,taxi,es
2870,cazar,es
2871,fila,es
2872,diligencia,es
2873,cigarrillo,es
2874,amante,es
2875,piloto,es
2876,armario,es
2877,cable,es
2878,bruja,es
2879,orgullo,es
2880,desierto,es
2881,fuente,es
2882,alegría,es
2883,tarta,es
2884,miembro,es
2885,existir,es
2886,pérdida,es
2887,chocolate,es
2888,concentración,es
2889,ejemplo,es
2890,compras,es
2891,pandilla,es
2892,tormenta,es
2893,bañarse,es
2894,plata,es
2895,advertencia,es
2896,licencia,es
2897,asistente,es
2898,lección,es
2899,abuelo,es
2900,rata,es
2901,compra,es
2902,daño,es
2903,libertad,es
2904,chaqueta,es
2905,susto,es
2906,aldea,es
2907,amarillo,es
2908,estómago,es
2909,ascensor,es
2910,clima,es
2911,ruido,es
2912,chupar,es
2913,bolsillo,es
2914,joven,es
2915,acordado,es
2916,mercado,es
2917,sobre,es
2918,fortaleza,es
2919,significado,es
2920,justicia,es
2921,total,es
2922,saque,es
2923,objetivo,es
2924,vista,es
2925,campana,es
2926,princesa,es
2927,calor,es
2928,salud,es
2929,empate,es
2930,demonio,es
2931,opinión,es
2932,abrigo,es
2933,pienso,es
2934,peligro,es
2935,príncipe,es
2936,cómplice,es
2937,señor,es
2938,práctica,es
2939,centro,es
2940,arma,es
2941,mudo,es
2942,piscina,es
2943,misión,es
2944,truco,es
2945,víctima,es
2946,consejo,es
2947,búsqueda,es
2948,espíritu,es
2949,juicio,es
2950,botella,es
2951,interés,es
2952,sala,es
2953,alcoholismo,es
2954,cliente,es
2955,costo,es
2956,tía,es
2957,cerradura,es
2958,oso,es
2959,sonrisa,es
2960,reloj,es
2961,pantalones,es
2962,ordenador,es
2963,viento,es
2964,corte,es
2965,oeste,es
2966,lectura,es
2967,doble,es
2968,sargento,es
2969,paciente,es
2970,departamento,es
2971,tabla,es
2972,sombrero,es
2973,sur,es
2974,regalo,es
2975,contacto,es
2976,gobierno,es
2977,brazo,es
2978,ronda,es
2979,nervioso,es
2980,relación,es
2981,gas,es
2982,nariz,es
2983,favor,es
2984,arte,es
2985,verde,es
2986,patada,es
2987,cerveza,es
2988,ataque,es
2989,lento,es
2990,jefe,es
2991,lista,es
2992,placer,es
2993,viaje,es
2994,universidad,es
2995,sorpresa,es
2996,medio,es
2997,presente,es
2998,suceso,es
2999,tarde,es
3000,dolor,es
3001,tierra,es
3002,error,es
3003,hotel,es
3004,papel,es
3005,mesa,es
3006,informe,es
3007,ojo,es
3008,ley,es
3009,silencioso,es
3010,fieltro,es
3011,beso,es
3012,película,es
3013,vocación,es
3014,tío,es
3015,humano,es
3016,pobre,es
3017,gota,es
3018,sentido,es
3019,asustado,es
3020,pesca,es
3021,ida,es
3022,café,es
3023,plan,es
3024,calle,es
3025,alimento,es
3026,país,es
3027,prisa,es
3028,entre,es
3029,sangre,es
3030,cama,es
3031,cuerpo,es
3032,fresco,es
3033,lado,es
3034,línea,es
3035,espera,es
3036,persona,es
3037,descanso,es
3038,horas,es
3039,fuego,es
3040,disparo,es
3041,colección,es
3042,número,es
3043,sufrimiento,es
3044,bebida,es
3045,trato,es
3046,año,es
3047,puerta,es
3048,solo,es
3049,abierto,es
3050,negocio,es
3051,excusa,es
3052,infierno,es
3053,madre,es
3054,entender,es
3055,coche,es
3056,curso,es
3057,suficiente,es
3058,papá,es
3059,casa,es
3060,nombrar,es
3061,mejor,es
3062,pensamiento,es
3063,amor,es
3064,voluntad,es
3065,derecho,es
